Page URL,Pages with same meta description,Discovered
https://fearnotforiamwithyou.com/zh/blog/prayer-for-healing-of-a-friend-20260312,https://fearnotforiamwithyou.com/blog/prayer-for-healing-of-a-friend-20260312,25 Mar 2026 (08:46 UTC)
https://fearnotforiamwithyou.com/zh/showcases/prayer-for-healing,"https://fearnotforiamwithyou.com/showcases/prayer-for-healing, https://fearnotforiamwithyou.com/showcases/watch/prayer-for-healing--ea1d1e4d-29df-43b4-a6fd-2a2e9a8b69a0",25 Mar 2026 (08:46 UTC)
https://fearnotforiamwithyou.com/blog/prayer-for-healing-of-a-friend-20260312,https://fearnotforiamwithyou.com/zh/blog/prayer-for-healing-of-a-friend-20260312,25 Mar 2026 (08:46 UTC)
https://fearnotforiamwithyou.com/showcases/watch/bible-verses-for-anxiety-and-fear--a938f82e-8fb3-46d7-bbc9-037b970e560f,"https://fearnotforiamwithyou.com/showcases/bible-verses-for-anxiety-and-fear, https://fearnotforiamwithyou.com/zh/showcases/bible-verses-for-anxiety-and-fear",25 Mar 2026 (08:46 UTC)
https://fearnotforiamwithyou.com/showcases/watch/praise-the-lord--39d2ea4b-a403-415f-8258-ce7e78644e69,"https://fearnotforiamwithyou.com/showcases/praise-the-lord, https://fearnotforiamwithyou.com/zh/showcases/praise-the-lord",25 Mar 2026 (08:46 UTC)
https://fearnotforiamwithyou.com/showcases/prayer-for-healing,"https://fearnotforiamwithyou.com/zh/showcases/prayer-for-healing, https://fearnotforiamwithyou.com/showcases/watch/prayer-for-healing--ea1d1e4d-29df-43b4-a6fd-2a2e9a8b69a0",25 Mar 2026 (08:46 UTC)
https://fearnotforiamwithyou.com/,https://fearnotforiamwithyou.com/blog,25 Mar 2026 (08:46 UTC)
https://fearnotforiamwithyou.com/showcases/praise-the-lord,"https://fearnotforiamwithyou.com/showcases/watch/praise-the-lord--39d2ea4b-a403-415f-8258-ce7e78644e69, https://fearnotforiamwithyou.com/zh/showcases/praise-the-lord",25 Mar 2026 (08:46 UTC)
https://fearnotforiamwithyou.com/showcases/prayer-for-fear-202603,https://fearnotforiamwithyou.com/zh/showcases/prayer-for-fear-202603,25 Mar 2026 (08:46 UTC)
https://fearnotforiamwithyou.com/showcases/bible-verses-for-anxiety-and-fear,"https://fearnotforiamwithyou.com/showcases/watch/bible-verses-for-anxiety-and-fear--a938f82e-8fb3-46d7-bbc9-037b970e560f, https://fearnotforiamwithyou.com/zh/showcases/bible-verses-for-anxiety-and-fear",25 Mar 2026 (08:46 UTC)
https://fearnotforiamwithyou.com/zh/showcases/praise-the-lord,"https://fearnotforiamwithyou.com/showcases/watch/praise-the-lord--39d2ea4b-a403-415f-8258-ce7e78644e69, https://fearnotforiamwithyou.com/showcases/praise-the-lord",25 Mar 2026 (08:46 UTC)
https://fearnotforiamwithyou.com/zh/showcases/bible-verses-for-anxiety-and-fear,"https://fearnotforiamwithyou.com/showcases/watch/bible-verses-for-anxiety-and-fear--a938f82e-8fb3-46d7-bbc9-037b970e560f, https://fearnotforiamwithyou.com/showcases/bible-verses-for-anxiety-and-fear",25 Mar 2026 (08:46 UTC)
https://fearnotforiamwithyou.com/zh/showcases/prayer-for-fear-202603,https://fearnotforiamwithyou.com/showcases/prayer-for-fear-202603,25 Mar 2026 (08:46 UTC)
https://fearnotforiamwithyou.com/blog,https://fearnotforiamwithyou.com/,25 Mar 2026 (08:46 UTC)
https://fearnotforiamwithyou.com/showcases/watch/prayer-for-healing--ea1d1e4d-29df-43b4-a6fd-2a2e9a8b69a0,"https://fearnotforiamwithyou.com/zh/showcases/prayer-for-healing, https://fearnotforiamwithyou.com/showcases/prayer-for-healing",25 Mar 2026 (08:46 UTC)
