Page URL,Ratio,Discovered
https://www.fearnotforiamwithyou.com/showcases/watch/bible-verses-for-anxiety-and-fear--a938f82e-8fb3-46d7-bbc9-037b970e560f,0.01,25 Mar 2026 (08:46 UTC)
https://www.fearnotforiamwithyou.com/showcases/prayer-for-healing,0.02,25 Mar 2026 (08:46 UTC)
https://www.fearnotforiamwithyou.com/showcases/watch/ibuprofen-recall-what-to-do-a-prayer-for-safety-and-peace--8e3e672c-7004-4531-b6fe-31f29b8dbc71,0.01,25 Mar 2026 (08:46 UTC)
https://fearnotforiamwithyou.com/refund,0.00,25 Mar 2026 (08:46 UTC)
https://fearnotforiamwithyou.com/showcases/praise-the-lord,0.02,25 Mar 2026 (08:46 UTC)
https://www.fearnotforiamwithyou.com/showcases/praise-the-lord,0.02,25 Mar 2026 (08:46 UTC)
https://fearnotforiamwithyou.com/showcases/prayer-for-fear-202603,0.02,25 Mar 2026 (08:46 UTC)
https://fearnotforiamwithyou.com/terms-of-service,0.03,25 Mar 2026 (08:46 UTC)
https://fearnotforiamwithyou.com/pricing,0.01,25 Mar 2026 (08:46 UTC)
https://fearnotforiamwithyou.com/zh/blog,0.00,25 Mar 2026 (08:46 UTC)
https://fearnotforiamwithyou.com/showcases/bible-verses-for-anxiety-and-fear,0.02,25 Mar 2026 (08:46 UTC)
https://www.fearnotforiamwithyou.com/showcases/watch/praise-the-lord--39d2ea4b-a403-415f-8258-ce7e78644e69,0.01,25 Mar 2026 (08:46 UTC)
https://fearnotforiamwithyou.com/showcases/watch/bible-verses-for-difficult-days--bc93f716-8d63-466d-ae9a-e819ef95fdc2,0.01,25 Mar 2026 (08:46 UTC)
https://fearnotforiamwithyou.com/zh/showcases/praise-the-lord,0.02,25 Mar 2026 (08:46 UTC)
https://www.fearnotforiamwithyou.com/blog/prayer-for-healing-of-a-friend-20260312,0.01,25 Mar 2026 (08:46 UTC)
https://www.fearnotforiamwithyou.com/showcases/prayer-for-fear-202603,0.02,25 Mar 2026 (08:46 UTC)
https://fearnotforiamwithyou.com/privacy-policy,0.03,25 Mar 2026 (08:46 UTC)
https://www.fearnotforiamwithyou.com/showcases/bible-verses-for-anxiety-and-fear,0.02,25 Mar 2026 (08:46 UTC)
https://fearnotforiamwithyou.com/showcases/watch/meningococcal-meningitis-outbreak-what-you-need-to-know-a-prayer-for-protection--7cd95cd2-8969-498c-b649-be61c8efbc35,0.01,25 Mar 2026 (08:46 UTC)
https://www.fearnotforiamwithyou.com/showcases/watch/powerful-prayer-for-fear--81a6cc64-bfd3-4f00-b1b2-53ad0139923f,0.02,25 Mar 2026 (08:46 UTC)
https://www.fearnotforiamwithyou.com/showcases/watch/bible-verses-for-difficult-days--bc93f716-8d63-466d-ae9a-e819ef95fdc2,0.01,25 Mar 2026 (08:46 UTC)
https://www.fearnotforiamwithyou.com/showcases/submit,0.00,25 Mar 2026 (08:46 UTC)
https://www.fearnotforiamwithyou.com/showcases,0.03,25 Mar 2026 (08:46 UTC)
https://fearnotforiamwithyou.com/zh/showcases/bible-verses-for-anxiety-and-fear,0.02,25 Mar 2026 (08:46 UTC)
https://fearnotforiamwithyou.com/zh/showcases/prayer-for-fear-202603,0.02,25 Mar 2026 (08:46 UTC)
https://fearnotforiamwithyou.com/showcases,0.03,25 Mar 2026 (08:46 UTC)
https://fearnotforiamwithyou.com/blog,0.01,25 Mar 2026 (08:46 UTC)
https://fearnotforiamwithyou.com/showcases/watch/prayer-for-healing--ea1d1e4d-29df-43b4-a6fd-2a2e9a8b69a0,0.01,25 Mar 2026 (08:46 UTC)
https://fearnotforiamwithyou.com/zh/comments,0.00,25 Mar 2026 (08:46 UTC)
https://www.fearnotforiamwithyou.com/refund,0.00,25 Mar 2026 (08:46 UTC)
https://fearnotforiamwithyou.com/showcases/submit,0.00,25 Mar 2026 (08:46 UTC)
https://fearnotforiamwithyou.com/zh/privacy-policy,0.01,25 Mar 2026 (08:46 UTC)
https://fearnotforiamwithyou.com/zh/blog/prayer-for-healing-of-a-friend-20260312,0.01,25 Mar 2026 (08:46 UTC)
https://fearnotforiamwithyou.com/zh/showcases/submit,0.00,25 Mar 2026 (08:46 UTC)
https://www.fearnotforiamwithyou.com/privacy-policy,0.03,25 Mar 2026 (08:46 UTC)
https://www.fearnotforiamwithyou.com/,0.02,25 Mar 2026 (08:46 UTC)
https://fearnotforiamwithyou.com/zh/showcases/prayer-for-healing,0.02,25 Mar 2026 (08:46 UTC)
https://www.fearnotforiamwithyou.com/pricing,0.01,25 Mar 2026 (08:46 UTC)
https://fearnotforiamwithyou.com/showcases/watch/prayer-for-loss-of-loved-one--bb417bad-09a6-45bf-a4c9-e6775ae9e62a,0.01,25 Mar 2026 (08:46 UTC)
https://fearnotforiamwithyou.com/zh/showcases,0.03,25 Mar 2026 (08:46 UTC)
https://www.fearnotforiamwithyou.com/showcases/watch/meningococcal-meningitis-outbreak-what-you-need-to-know-a-prayer-for-protection--7cd95cd2-8969-498c-b649-be61c8efbc35,0.01,25 Mar 2026 (08:46 UTC)
https://www.fearnotforiamwithyou.com/comments,0.00,25 Mar 2026 (08:46 UTC)
https://fearnotforiamwithyou.com/showcases/watch/ibuprofen-recall-what-to-do-a-prayer-for-safety-and-peace--8e3e672c-7004-4531-b6fe-31f29b8dbc71,0.01,25 Mar 2026 (08:46 UTC)
https://fearnotforiamwithyou.com/zh/refund,0.00,25 Mar 2026 (08:46 UTC)
https://fearnotforiamwithyou.com/blog/prayer-for-healing-of-a-friend-20260312,0.01,25 Mar 2026 (08:46 UTC)
https://fearnotforiamwithyou.com/showcases/watch/bible-verses-for-anxiety-and-fear--a938f82e-8fb3-46d7-bbc9-037b970e560f,0.01,25 Mar 2026 (08:46 UTC)
https://fearnotforiamwithyou.com/zh,0.02,25 Mar 2026 (08:46 UTC)
https://fearnotforiamwithyou.com/showcases/watch/praise-the-lord--39d2ea4b-a403-415f-8258-ce7e78644e69,0.01,25 Mar 2026 (08:46 UTC)
https://fearnotforiamwithyou.com/showcases/prayer-for-healing,0.02,25 Mar 2026 (08:46 UTC)
https://www.fearnotforiamwithyou.com/blog,0.01,25 Mar 2026 (08:46 UTC)
https://fearnotforiamwithyou.com/showcases/watch/powerful-prayer-for-fear--81a6cc64-bfd3-4f00-b1b2-53ad0139923f,0.02,25 Mar 2026 (08:46 UTC)
https://fearnotforiamwithyou.com/comments,0.00,25 Mar 2026 (08:46 UTC)
https://fearnotforiamwithyou.com/zh/pricing,0.00,25 Mar 2026 (08:46 UTC)
https://www.fearnotforiamwithyou.com/showcases/watch/prayer-for-loss-of-loved-one--bb417bad-09a6-45bf-a4c9-e6775ae9e62a,0.01,25 Mar 2026 (08:46 UTC)
https://fearnotforiamwithyou.com,0.02,25 Mar 2026 (08:46 UTC)
https://fearnotforiamwithyou.com/zh/terms-of-service,0.01,25 Mar 2026 (08:46 UTC)
https://fearnotforiamwithyou.com/showcases/watch/bible-verses-for-fear-after-tragic-news-comfort-and-hope-in-god-s-word--9ab292a1-632d-4a36-ac76-fc598640938f,0.01,25 Mar 2026 (08:46 UTC)
https://www.fearnotforiamwithyou.com/showcases/watch/prayer-for-healing--ea1d1e4d-29df-43b4-a6fd-2a2e9a8b69a0,0.01,25 Mar 2026 (08:46 UTC)
https://www.fearnotforiamwithyou.com/showcases/watch/bible-verses-for-fear-after-tragic-news-comfort-and-hope-in-god-s-word--9ab292a1-632d-4a36-ac76-fc598640938f,0.01,25 Mar 2026 (08:46 UTC)
https://fearnotforiamwithyou.com/,0.02,25 Mar 2026 (08:46 UTC)
https://www.fearnotforiamwithyou.com/terms-of-service,0.03,25 Mar 2026 (08:46 UTC)
